timestamp,total_power,average_power,alert,action2026-06-05 20:16:01.971219,2326,465.2,NORMAL,NO ACTION
2026-06-05 20:16:02.929214,2120,424.0,NORMAL,NO ACTION
2026-06-05 20:16:03.929332,2465,493.0,NORMAL,NO ACTION
2026-06-05 20:16:04.928914,2049,409.8,NORMAL,NO ACTION
2026-06-05 20:16:05.930479,2149,429.8,NORMAL,NO ACTION
2026-06-05 20:16:06.930687,2374,474.8,NORMAL,NO ACTION
2026-06-05 20:16:07.931430,2295,459.0,NORMAL,NO ACTION
2026-06-05 20:16:08.932273,2353,470.6,NORMAL,NO ACTION
2026-06-05 20:16:09.933827,2286,457.2,NORMAL,NO ACTION
2026-06-05 20:16:10.932475,1785,357.0,NORMAL,NO ACTION
